{
  "format_version": "1.16.100",
    "minecraft:item": {
        "description": {
            "identifier": "caves:glow_fruit",
            "category": "Equipment"
        },
        "components": {
            "minecraft:stacked_by_data": true,
            "minecraft:foil": false,
            "minecraft:hand_equipped": false,
            "minecraft:use_duration": 32,
            "minecraft:food": {
                "nutrition": 4,
                "saturation_modifier": "low",
                "can_always_eat": true,
                "on_consume": {
                    "event": "on_consume",
                    "target": "self"
                }
            }
        },
        "events": {
            "on_consume": {
                "remove_mob_effect": {
                    "effect": "nausea",
                    "target": "holder"
                }
            }
        }
    }
}