{
    "format_version": [ 1, 1, 0 ],
    "caves:amethyst_crystal": {
        "sound": "glass"
    },
    "caves:amethyst_crystal_block": {
        "textures": "amethyst_crystal_block",
        "sound": "glass"
    },
    "caves:copper_ore": {
        "textures": "copper_ore",
        "sound": "stone"
    },
    "caves:moss_block": {
        "textures": "moss_block",
        "sound": "grass"
    },
    "caves:moss": {
        "sound": "grass"
    },
    "caves:clay_pot": {
        "sound": "gravel"
    },
    "caves:cooked_clay_pot": {
        "sound": "stone"
    },
    "caves:sculk_block": {
        "textures": "sculk_block",
        "sound": "gravel"
    },
    "caves:limestone": {
        "textures": "limestone",
        "sound": "stone"
    },
    "caves:powder_snow": {
        "textures": "powder_snow",
        "sound": "gravel"
    },
    "caves:hard_stone": {
        "textures": "hard_stone",
        "sound": "stone"
    },
    // copper blocks
    "caves:copper_block": {
        "textures": "copper_block",
        "sound": "stone"
    },
    "caves:copper_block_half_rust": {
        "textures": "copper_block_half_rust",
        "sound": "stone"
    },
    "caves:copper_block_rust": {
        "textures": "copper_block_rust",
        "sound": "stone"
    }
}