{
    "format_version": "1.16.0",
    "minecraft:block": {
        "description": {
            "identifier": "caves:amethyst_crystal"
        },
        "components": {
            "minecraft:material_instances": {
                "*": {
                    "texture": "amethyst_crystal",
                    "render_method": "alpha_test"
                }
            },
            "minecraft:pick_collision": {
                "origin": [ -4, 0, -4 ],
                "size": [ 8, 12, 8 ]
            },
            "minecraft:entity_collision": {
                "origin": [ -4, 0, -4 ],
                "size": [ 8, 12, 8 ]
            },
            "minecraft:loot": "loot_tables/chests/loot_tables/blocks/asteroid_rock.json",
            "minecraft:geometry": "geometry.amethyst_crystal",
            "minecraft:destroy_time": 3.0,
            "minecraft:block_light_absorption": 0.0,
            "minecraft:friction": 0.6,
            "minecraft:map_color": "#00ff00",
            "minecraft:flammable": {
                "flame_odds": 0,
                "burn_odds": 0
            },
            "minecraft:block_light_emission": 0.79,
            "minecraft:placement_filter": {
                "conditions": [
                    {
                        "block_filter": [ "caves:amethyst_crystal_block" ],
                        "allowed_faces": [ "up" ]
                    }
                ]
            }
        }
    }
}