{
    "format_version": "1.16.0",
    "minecraft:block": {
        "description": {
            "identifier": "caves:lightning_rod"
        },
        "components": {
            "minecraft:material_instances": {
                "*": {
                    "texture": "lightning_rod",
                    "render_method": "alpha_test"
                }
            },
            "minecraft:pick_collision": {
                "origin": [ -1.5, 0, -1.5 ],
                "size": [ 3, 16, 3 ]
            },
            "minecraft:entity_collision": {
                "origin": [ -1.5, 0, -1.5 ],
                "size": [ 2, 16, 2 ]
            },
            "minecraft:geometry": "geometry.lightning_rod",
            "minecraft:destroy_time": 3.0,
            "minecraft:block_light_absorption": 0.0,
            "minecraft:friction": 0.6,
            "minecraft:map_color": "#00ff00",
            "minecraft:flammable": {
                "flame_odds": 0,
                "burn_odds": 0
            },
            "minecraft:block_light_emission": 0.0
        }
    }
}