{
    "format_version": "1.16.0",
    "minecraft:block": {
        "description": {
            "identifier": "caves:limestone",
            "is_experimental": false,
            "register_to_creative_menu": true,
            "category": "Equipment"
        },
        "components": {
            "minecraft:destroy_time": 3.0,
            "minecraft:block_light_absorption": 0.0,
            "minecraft:friction": 0.6,
            "minecraft:map_color": "#00ff00",
            "minecraft:flammable": {
                "flame_odds": 0,
                "burn_odds": 0
            },
            "minecraft:block_light_emission": 0.0
        }
    }
}