{
    "format_version": "1.16.0",
    "minecraft:block": {
        "description": {
            "identifier": "caves:powder_snow"
        },
        "components": {
            "minecraft:entity_collision": false,
            "minecraft:destroy_time": 0.5,
            "minecraft:block_light_absorption": 0.0,
            "minecraft:friction": 0.6,
            "minecraft:map_color": "#00ff00",
            "minecraft:flammable": {
                "flame_odds": 0,
                "burn_odds": 0
            }
        }
    }
}