{
    "format_version": "1.16.0",
    "minecraft:block": {
        "description": {
            "identifier": "caves:sculk_chute"
        },
        "components": {
            "minecraft:material_instances": {
                "*": {
                    "texture": "sculk_chute",
                    "render_method": "alpha_test"
                }
            },
            "minecraft:pick_collision": {
                "origin": [ -8, 0, -8 ],
                "size": [ 16, 16, 16 ]
            },
            "minecraft:entity_collision": {
                "origin": [ -8, 0, -8 ],
                "size": [ 16, 16, 16 ]
            },
            "minecraft:geometry": "geometry.block",
            "minecraft:destroy_time": 1.5,
            "minecraft:block_light_absorption": 0.5,
            "minecraft:friction": 0.5,
            "minecraft:map_color": "#00ff00",
            "minecraft:flammable": {
                "flame_odds": 0,
                "burn_odds": 0
            }
        }
    }
}