{
    "format_version": "1.16.0",
    "minecraft:block": {
        "description": {
            "identifier": "caves:sculk_growth"
        },
        "components": {
            "minecraft:material_instances": {
                "*": {
                    "texture": "sculk_growth",
                    "render_method": "blend"
                }
            },
            "minecraft:pick_collision": {
                "origin": [ -8, 0, -8 ],
                "size": [ 16, 1, 16 ]
            },
            "minecraft:entity_collision": {
                "origin": [ -8, 0, -8 ],
                "size": [ 16, 1, 16 ]
            },
            "minecraft:geometry": "geometry.sculk_growth",
            "minecraft:destroy_time": 0.5,
            "minecraft:block_light_absorption": 0.5,
            "minecraft:friction": 0.5,
            "minecraft:map_color": "#00ff00",
            "minecraft:flammable": {
                "flame_odds": 0,
                "burn_odds": 0
            },
            "minecraft:block_light_emission": 0.0
        }
    }
}