{
    "format_version": "1.16.0",
    "minecraft:block": {
        "description": {
            "identifier": "caves:spore_blossom"
        },
        "components": {
            "minecraft:material_instances": {
                "*": {
                    "texture": "spore_blossom",
                    "render_method": "alpha_test"
                }
            },
            "minecraft:pick_collision": {
                "origin": [ -8, 13, -8 ],
                "size": [ 16, 3, 16 ]
            },
            "minecraft:entity_collision": {
                "origin": [ -8, 13, -8 ],
                "size": [ 16, 3, 16 ]
            },
            "minecraft:geometry": "geometry.spore_blossom",
            "minecraft:destroy_time": 1.0,
            "minecraft:block_light_absorption": 0.05,
            "minecraft:friction": 0.6,
            "minecraft:map_color": "#00ff00",
            "minecraft:flammable": {
                "flame_odds": 0,
                "burn_odds": 0
            },
            "minecraft:block_light_emission": 0.0,
            "minecraft:placement_filter": {
                "conditions": [
                    {
                        "allowed_faces": [ "down" ]
                    }
                ]
            }
        }
    }
}