{
  "resource_pack_name": "vanilla",
  "texture_name": "atlas.terrain",
  "padding": 8,
  "num_mip_levels": 4,
    "texture_data": {
        "amethyst_crystal": { "textures": [ "textures/blocks/amethyst_crystal" ] },
        "amethyst_crystal_block": { "textures": [ "textures/blocks/amethyst_crystal_block" ] },
        "lightning_rod": { "textures": [ "textures/blocks/lightning_rod" ] },
        "copper_ore": { "textures": [ "textures/blocks/copper_ore" ] },
        "moss": { "textures": [ "textures/blocks/moss" ] },
        "moss_block": { "textures": [ "textures/blocks/moss_block" ] },
        "clay_pot": { "textures": [ "textures/blocks/clay_pot" ] },
        "cooked_clay_pot": { "textures": [ "textures/blocks/cooked_clay_pot" ] },
        "spore_blossom": { "textures": [ "textures/blocks/spore_blossom" ] },
        "spore_plant": { "textures": [ "textures/blocks/spore_plant" ] },
        "spore_plant_with_fruit": { "textures": [ "textures/blocks/spore_plant_with_fruit" ] },
        "sculk_block": { "textures": [ "textures/blocks/sculk_block" ] },
        "sculk_chute": { "textures": [ "textures/blocks/sculk_chute" ] },
        "sculk_growth": { "textures": [ "textures/blocks/sculk_growth" ] },
        "limestone": { "textures": [ "textures/blocks/limestone" ] },
        "powder_snow": { "textures": [ "textures/blocks/powder_snow" ] },
        "hard_stone": { "textures": [ "textures/blocks/hard_stone" ] },
        // copper block
        "copper_block": { "textures": [ "textures/blocks/copper_block" ] },
        "copper_block_half_rust": { "textures": [ "textures/blocks/copper_block_half_rust" ] },
        "copper_block_rust": { "textures": [ "textures/blocks/copper_block_rust" ] }
    }
}