{
	"format_version": "1.12.0",
	"minecraft:geometry": [
		{
			"description": {
				"identifier": "geometry.amethyst_crystal",
				"texture_width": 32,
				"texture_height": 32,
				"visible_bounds_width": 2,
				"visible_bounds_height": 2.5,
				"visible_bounds_offset": [0, 0.75, 0]
			},
			"bones": [
				{
					"name": "unknown_bone",
					"pivot": [0, 0, 0],
					"cubes": [
						{"origin": [0, 0, -8], "size": [0, 16, 16], "uv": [0, 0]},
						{"origin": [-8, 0, 0], "size": [16, 16, 0], "uv": [0, 0]}
					]
				}
			]
		}
	]
}