{
	"format_version": "1.12.0",
	"minecraft:geometry": [
		{
			"description": {
				"identifier": "geometry.clay_pot",
				"texture_width": 128,
				"texture_height": 128,
				"visible_bounds_width": 2,
				"visible_bounds_height": 2.5,
				"visible_bounds_offset": [0, 0.75, 0]
			},
			"bones": [
				{
					"name": "unknown_bone",
					"pivot": [0, 0, 0],
					"cubes": [
						{"origin": [-8, 0, -8], "size": [16, 11, 16], "uv": [0, 0]},
						{"origin": [-4, 11, -4], "size": [8, 2, 8], "uv": [36, 27]},
						{"origin": [-6, 13, -6], "size": [12, 2, 12], "uv": [0, 27]},
						{"origin": [-3, 15, -3], "size": [6, 1, 6], "uv": [0, 41]}
					]
				}
			]
		}
	]
}