{
	"format_version": "1.12.0",
	"minecraft:geometry": [
		{
			"description": {
				"identifier": "geometry.lightning_rod",
				"texture_width": 32,
				"texture_height": 32,
				"visible_bounds_width": 2,
				"visible_bounds_height": 2.5,
				"visible_bounds_offset": [0, 0.75, 0]
			},
			"bones": [
				{
					"name": "unknown_bone",
					"pivot": [0, 0, 0],
					"cubes": [
						{"origin": [-0.5, 0, -0.5], "size": [1, 13, 1], "uv": [0, 6]},
						{"origin": [-1.5, 13, -1.5], "size": [3, 3, 3], "uv": [0, 0]}
					]
				}
			]
		}
	]
}