{
	"format_version": "1.12.0",
	"minecraft:geometry": [
		{
			"description": {
				"identifier": "geometry.spore_blossom",
				"texture_width": 128,
				"texture_height": 128,
				"visible_bounds_width": 3,
				"visible_bounds_height": 2.5,
				"visible_bounds_offset": [0, 0.75, 0]
			},
			"bones": [
				{
					"name": "flower",
					"pivot": [0, 0, 0],
					"cubes": [
						{"origin": [-8, 16, -8], "size": [16, 0, 16], "uv": [32, 0]},
						{"origin": [-8, 15, -13], "size": [16, 0, 16], "pivot": [0, -1, -5], "rotation": [-45, 0, 0], "uv": [0, 0]},
						{"origin": [-8, 15, -2], "size": [16, 0, 16], "pivot": [0, -1, 6], "rotation": [45, 0, 0], "uv": [0, 16]},
						{"origin": [-2, 15, -8], "size": [16, 0, 16], "pivot": [6, -1, 0], "rotation": [0, 0, -45], "uv": [0, 32]},
						{"origin": [-13, 15, -8], "size": [16, 0, 16], "pivot": [-5, -1, 0], "rotation": [0, 0, 45], "uv": [32, 32]}
					]
				}
			]
		}
	]
}