{
    "format_version": "1.16.0",
    "minecraft:block": {
        "description": {
            "identifier": "caves:copper_block_half_rust"
        },
        "components": {
            "minecraft:destroy_time": 2.0,
            "minecraft:friction": 0.6,
            "minecraft:map_color": "#B87333",
            "minecraft:block_light_emission": 0.0,
            "minecraft:ticking": {
                "looping": true,
                "range": [ 150, 165 ],
                "on_tick": {
                    "event": "caves:rust",
                    "target": "self"
                }
            }
        },
        "events": {
            "caves:rust": {
                "set_block_at_pos": {
                    "block_type": "caves:copper_block_rust",
                    "block_offset": [ 0, 0, 0 ]
                }
            }
        }
    }
}