{
    "format_version": "1.16.0",
    "minecraft:block": {
        "description": {
            "identifier": "caves:spore_plant_with_fruit"
        },
        "components": {
            "minecraft:material_instances": {
                "*": {
                    "texture": "spore_plant_with_fruit",
                    "render_method": "alpha_test"
                }
            },
            "minecraft:pick_collision": {
                "origin": [ -8, 0, -8 ],
                "size": [ 16, 16, 16 ]
            },
            "minecraft:entity_collision": false,
            "minecraft:loot": "loot_tables/chests/loot_tables/blocks/asteroid_rock.json",
            "minecraft:geometry": "geometry.amethyst_crystal",
            "minecraft:destroy_time": 0.5,
            "minecraft:block_light_absorption": 0.0,
            "minecraft:friction": 0.6,
            "minecraft:map_color": "#00ff00",
            "minecraft:flammable": {
                "flame_odds": 2,
                "burn_odds": 0.6
            },
            "minecraft:block_light_emission": 0.6,
            "minecraft:placement_filter": {
                "conditions": [
                    {
                        "allowed_faces": [ "down" ]
                    }
                ]
            },
            "minecraft:on_interact": {
                "event": "fruit:fruit",
                "target": "self"
            }
        },
        "events": {
            "fruit:fruit": {
                "set_block_at_pos": {
                    "block_type": "caves:spore_plant",
                    "block_offset": [ 0, 0, 0 ]
                },
                "spawn_loot": {
                    "table": "loot_tables/blocks/fruit.json"
                }
            }
        }
    }
}