{
  "biomes": {
    "default": {
      "water_surface_color": "#1787D4",
      "water_surface_transparency": 0.65,
      "water_fog_color": "#03031E",
      "water_fog_distance": 15
    },
    "plains": {
      "water_surface_color": "#1787D4",
      "water_fog_color": "#03031E"
    },
    "sunflower_plains": {
      "water_surface_color": "#1787D4",
      "water_fog_color": "#03031E"
    },
    "desert": {
      "water_surface_color": "#1787D4",
      "water_fog_color": "#03031E"
    },
    "extreme_hills": {
      "water_surface_color": "#1787D4",
      "water_fog_color": "#03031E"
    },
    "forest": {
      "water_surface_color": "#1787D4",
      "water_fog_color": "#03031E"
    },
    "flower_forest": {
      "water_surface_color": "#1787D4",
      "water_fog_color": "#03031E"
    },
    "taiga": {
      "water_surface_color": "#1787D4",
      "water_fog_color": "#03031E"
    },
    "taiga_mutated": {
      "water_surface_color": "#1787D4",
      "water_fog_color": "#03031E"
    },
    "swampland": {
      "water_surface_color": "#1787D4",
      "water_surface_transparency": 1.0,
      "water_fog_color": "#03031e",
      "water_fog_distance": 8
    },
    "swampland_mutated": {
      "water_surface_color": "#1787D4",
      "water_surface_transparency": 1.0,
      "water_fog_color": "#03031e",
      "water_fog_distance": 8
    },
    "river": {
      "water_surface_color": "#1787D4",
      "water_fog_color": "#03031e",
      "water_fog_distance": 30
    },
    "hell": {
      "water_surface_color": "#1787D4",
      "water_fog_color": "#03031e"
    },
    "the_end": {
      "water_surface_color": "#1787D4",
      "water_fog_color": "#03031e"
    },
    "frozen river": {
      "water_surface_color": "#1787D4",
      "water_fog_color": "#03031e",
      "water_fog_distance": 20
    },
    "ice_plains": {
      "water_surface_color": "#1787D4",
      "water_fog_color": "#03031e"
    },
    "ice_plains_spikes": {
      "water_surface_color": "#1787D4",
      "water_fog_color": "#03031e"
    },
    "ice_mountains": {
      "water_surface_color": "#1787D4",
      "water_fog_color": "#03031e"
    },
    "mushroom_island": {
      "water_surface_color": "#1787D4",
      "water_fog_color": "#03031e"
    },
    "mushroom_island_shore": {
      "water_surface_color": "#1787D4",
      "water_fog_color": "#03031e"
    },
    "beach": {
      "water_surface_color": "#1787D4",
      "water_fog_color": "#03031e",
      "water_fog_distance": 60
    },
    "desert_hills": {
      "water_surface_color": "#1787D4",
      "water_fog_color": "#03031e"
    },
    "forest_hills": {
      "water_surface_color": "#1787D4",
      "water_fog_color": "#03031e"
    },
    "taiga_hills": {
      "water_surface_color": "#1787D4",
      "water_fog_color": "#03031E"
    },
    "extreme_hills_edge": {
      "water_surface_color": "#1787D4",
      "water_fog_color": "#03031E"
    },
    "jungle": {
      "water_surface_color": "#1787D4",
      "water_fog_color": "#03031E"
    },
    "jungle_mutated": {
      "water_surface_color": "#1787D4",
      "water_fog_color": "#03031E"
    },
    "jungle_hills": {
      "water_surface_color": "#1787D4",
      "water_fog_color": "#03031E"
    },
    "jungle_edge": {
      "water_surface_color": "#1787D4",
      "water_fog_color": "#03031E"
    },
    "stone_beach": {
      "water_surface_color": "#1787D4",
      "water_fog_color": "#03031e"
    },
    "cold_beach": {
      "water_surface_color": "#1787D4",
      "water_fog_color": "#03031e",
      "water_fog_distance": 50
    },
    "birch_forest": {
      "water_surface_color": "#1787D4",
      "water_fog_color": "#03031e"
    },
    "birch_forest_hills": {
      "water_surface_color": "#1787D4",
      "water_fog_color": "#03031e"
    },
    "roofed_forest": {
      "water_surface_color": "#1787D4",
      "water_fog_color": "#03031E"
    },
    "cold_taiga": {
      "water_surface_color": "#1787D4",
      "water_fog_color": "#03031E"
    },
    "cold_taiga_mutated": {
      "water_surface_color": "#1787D4",
      "water_fog_color": "#03031E"
    },
    "cold_taiga_hills": {
      "water_surface_color": "#1787D4",
      "water_fog_color": "#03031E"
    },
    "mega_taiga": {
      "water_surface_color": "#1787D4",
      "water_fog_color": "#03031E"
    },
    "mega_spruce_taiga": {
      "water_surface_color": "#1787D4",
      "water_fog_color": "#03031E"
    },
    "mega_taiga_mutated": {
      "water_surface_color": "#1787D4",
      "water_fog_color": "#03031E"
    },
    "mega_spruce_taiga_mutated": {
      "water_surface_color": "#1787D4",
      "water_fog_color": "#03031E"
    },
    "mega_taiga_hills": {
      "water_surface_color": "#1787D4",
      "water_fog_color": "#03031E"
    },
    "extreme_hills_plus_trees": {
      "water_surface_color": "#1787D4",
      "water_fog_color": "#03031E"
    },
    "extreme_hills_plus_trees_mutated": {
      "water_surface_color": "#1787D4",
      "water_fog_color": "#03031E"
    },
    "extreme_hills_mutated": {
      "water_surface_color": "#1787D4",
      "water_fog_color": "#03031E"
    },
    "savanna": {
      "water_surface_color": "#1787D4",
      "water_fog_color": "#03031E"
    },
    "savanna_plateau": {
      "water_surface_color": "#1787D4",
      "water_fog_color": "#03031E"
    },
    "savanna_mutated": {
      "water_surface_color": "#1787D4",
      "water_fog_color": "#03031E"
    },
    "mesa": {
      "water_surface_color": "#1787D4",
      "water_fog_color": "#03031E"
    },
    "mesa_bryce": {
      "water_surface_color": "#1787D4",
      "water_fog_color": "#03031E"
    },
    "mesa_mutated": {
      "water_surface_color": "#1787D4",
      "water_fog_color": "#03031E"
    },
    "mesa_plateau_stone": {
      "water_surface_color": "#1787D4",
      "water_fog_color": "#03031E"
    },
    "mesa_plateau": {
      "water_surface_color": "#1787D4",
      "water_fog_color": "#03031e"
    },
    "ocean": {
      "water_surface_color": "#1787D4",
      "water_fog_color": "#03031E",
      "water_fog_distance": 60
    },
    "deep_ocean": {
      "water_surface_color": "#1787D4",
      "water_fog_color": "#03031E",
      "water_fog_distance": 60
    },
    "warm_ocean": {
      "water_surface_color": "#1787D4",
      "water_surface_transparency": 0.55,
      "water_fog_color": "#03031E",
      "water_fog_distance": 60
    },
    "deep_warm_ocean": {
      "water_surface_color": "#1787D4",
      "water_fog_color": "#03031E",
      "water_fog_distance": 60
    },
    "lukewarm_ocean": {
      "water_surface_color": "#1787D4",
      "water_fog_color": "#03031E",
      "water_fog_distance": 60
    },
    "deep_lukewarm_ocean": {
      "water_surface_color": "#1787D4",
      "water_fog_color": "#03031E",
      "water_fog_distance": 60
    },
    "cold_ocean": {
      "water_surface_color": "#1787D4",
      "water_fog_color": "#03031E",
      "water_fog_distance": 60
    },
    "deep_cold_ocean": {
      "water_surface_color": "#1787D4",
      "water_fog_color": "#03031E",
      "water_fog_distance": 60
    },
    "frozen_ocean": {
      "water_surface_color": "#1787D4",
      "water_fog_color": "#03031E",
      "water_fog_distance": 60
    },
    "deep_frozen_ocean": {
      "water_surface_color": "#1787D4",
      "water_fog_color": "#03031E",
      "water_fog_distance": 60
    }
  }
}
